{"cameraMode":{"drawMode":0,"name":"Shaded","section":"Shading Mode"},"sceneLighting":true,"audioPlay":false,"sceneViewState":{"m_AlwaysRefresh":false,"showFog":true,"showSkybox":true,"showFlares":true,"showImageEffects":true,"showParticleSystems":true,"showVisualEffectGraphs":true,"m_FxEnabled":true},"in2DMode":false,"pivot":{"x":496.16058349609377,"y":193.41404724121095,"z":-493.26580810546877},"rotation":{"x":0.04378791153430939,"y":-0.0264296717941761,"z":0.0011302140774205328,"w":0.9987531900405884},"size":27.145896911621095,"orthographic":false}